id_station,name,geometry,mode,opening
6324,Kedzie,POINT(-87.7095589 41.9661285),0.0,1907.0
6317,Irving Park,POINT(-87.6749332 41.9543516),0.0,1907.0
6368,Grand,POINT(-87.63564814879338 41.89160079458023),0.0,1921.0
6325,Kedzie,POINT(-87.7095588 41.9660603),0.0,1907.0
6349,Webster,POINT(-87.65276055549394 41.9217391916261),0.0,1900.0
6312,Irving Park,POINT(-87.6749697 41.9543527),0.0,1907.0
6326,Francisco,POINT(-87.7022132 41.9661187),0.0,1907.0
6327,Francisco,POINT(-87.7022105 41.9661881),0.0,1907.0
6320,Addison,POINT(-87.6747262 41.9470501),0.0,1907.0
6311,Addison,POINT(-87.6747689 41.9470516),0.0,1907.0
6329,Rockwell,POINT(-87.6948948 41.9662459),0.0,1907.0
6322,Paulina,POINT(-87.6708193 41.9437163),0.0,1907.0
6319,Western,POINT(-87.6885178 41.9662982),0.0,1907.0
6315,Western,POINT(-87.6884482 41.9662349),0.0,1907.0
6321,Damen,POINT(-87.6788433 41.9664153),0.0,1907.0
6314,Damen,POINT(-87.6788409 41.9663859),0.0,1907.0
6316,Montrose,POINT(-87.6751167 41.9616755),0.0,1907.0
6313,Montrose,POINT(-87.6751532 41.9616741),0.0,1907.0
6310,Paulina,POINT(-87.6708187 41.9436888),0.0,1907.0
6318,Southport,POINT(-87.663589 41.9438338),0.0,1907.0
6309,Southport,POINT(-87.6635877 41.9438051),0.0,1907.0
6363,Halsted,POINT(-87.64837661455773 41.91152359880604),0.0,1900.0
6328,Rockwell,POINT(-87.6948948 41.9661798),0.0,1907.0
6364,Larrabee,POINT(-87.64348390201013 41.91037069890163),0.0,1900.0
6365,Schiller,POINT(-87.63720691020656 41.90764317838807),0.0,1900.0
6366,Division,POINT(-87.63704909437075 41.9038561010525),0.0,1900.0
6367,Oak,POINT(-87.63668572442946 41.9004804281351),0.0,1906.0
6323,Ravenswood,POINT(-87.67517239281979 41.964310870662615),0.0,1907.0
6330,Kimball,POINT(-87.7131917 41.968105),0.0,1907.0
6347,Fullerton,POINT(-87.652788 41.925163),0.0,1900.0
6331,Kimball,POINT(-87.7131269 41.9681057),0.0,1907.0
6340,Clark,POINT(-87.65351400089102 41.94305096657558),0.0,1900.0
6355,Fullerton,POINT(-87.652677 41.925162),0.0,1900.0
6344,Fullerton,POINT(-87.65295 41.925154),0.0,1900.0
6350,Willow,POINT(-87.6524123385574 41.91377936530921),0.0,1905.0
6351,Armitage,POINT(-87.652561 41.917966),0.0,1900.0
6341,Armitage,POINT(-87.652677 41.917963),0.0,1900.0
6359,North/Clybourn,POINT(-87.6493725 41.9108179),0.0,0.0
6346,Belmont,POINT(-87.653308 41.939853),0.0,1900.0
6360,Sedgwick,POINT(-87.6388509 41.9103861),0.0,1900.0
6369,Kinzie,POINT(-87.63405915036117 41.889126636126235),0.0,1900.0
6362,Merchandise Mart,POINT(-87.6340254 41.8888791),0.0,1930.0
6361,Chicago,POINT(-87.6357061 41.8959762),0.0,1900.0
6357,Merchandise Mart,POINT(-87.633972 41.8888778),0.0,1930.0
6356,Sedgwick,POINT(-87.6388572 41.9104137),0.0,1900.0
6353,Chicago,POINT(-87.6356699 41.8959778),0.0,1900.0
6332,Wilson,POINT(-87.658035 41.965445),0.0,1900.0
6333,Addison,POINT(-87.653577 41.947514),0.0,1900.0
6334,Addison,POINT(-87.653676 41.94751),0.0,1900.0
6335,Sheridan,POINT(-87.655242 41.953876),0.0,1900.0
6336,Sheridan,POINT(-87.6552428 41.9539066),0.0,1900.0
6337,Wilson,POINT(-87.657927 41.965462),0.0,1900.0
6338,Belmont,POINT(-87.6533523 41.939855),0.0,1900.0
6348,Wrightwood,POINT(-87.65301059059331 41.92901782870621),0.0,1900.0
6339,Fullerton,POINT(-87.6528297 41.925163),0.0,1900.0
37327,LaSalle St,POINT(-87.63212108073886 41.8750189725032),0.0,1852.0
9125,La Salle/Van Buren,POINT(-87.6313616 41.8768434),,0.0
9130,Washington/Wells,POINT(-87.6338675 41.8826041),0.0,1995.0
9126,Harold Washington Library-State/Van Buren,POINT(-87.6288643 41.8768738),,0.0
9129,Washington/Wells,POINT(-87.6338197 41.8826041),0.0,1995.0
9127,Harold Washington Library-State/Van Buren,POINT(-87.6288739 41.8769082),,0.0
9128,La Salle/Van Buren,POINT(-87.6313624 41.8768793),,0.0
6358,Belmont,POINT(-87.653181 41.939848),0.0,1900.0
9131,Quincy,POINT(-87.6337641 41.8787679),0.0,1897.0
9132,Quincy,POINT(-87.6337233 41.8787698),,1897.0
6345,Belmont,POINT(-87.653472 41.939846),0.0,0.0
6352,Wellington,POINT(-87.653201 41.936408),0.0,1900.0
6342,Wellington,POINT(-87.653318 41.936405),0.0,1900.0
6354,Diversey,POINT(-87.653062 41.932565),0.0,1900.0
6343,Diversey,POINT(-87.653179 41.932565),0.0,1900.0
9133,Adams/Wabash,POINT(-87.6260932 41.879681),,0.0
9185,Cottage Grove,POINT(-87.6059729 41.7804357),0.0,1893.0
9134,Adams/Wabash,POINT(-87.6261373 41.8795483),,0.0
9184,Cottage Grove,POINT(-87.6059718 41.7803778),0.0,1893.0
9135,State/Lake,POINT(-87.6279578 41.8857699),,0.0
9180,King Drive,POINT(-87.6156502 41.7802635),,1893.0
9136,State/Lake,POINT(-87.6279607 41.8857386),,0.0
9179,King Drive,POINT(-87.6156434 41.7802058),,1893.0
9137,Clark/Lake,POINT(-87.6313602 41.8857225),,0.0
9138,Clark/Lake,POINT(-87.6313575 41.8857555),,0.0
9139,Randolph/Wabash,POINT(-87.6262317 41.8831096),,0.0
9140,Randolph/Wabash,POINT(-87.6261831 41.8831126),,0.0
9178,Halsted,POINT(-87.6437762 41.7790576),,0.0
9181,Halsted,POINT(-87.6437839 41.7790258),,0.0
9182,Ashland/63rd,POINT(-87.6641741 41.7789008),,0.0
9183,Ashland/63rd,POINT(-87.664182 41.7789959),,0.0
9141,Division,POINT(-87.6671796 41.9035623),,0.0
9158,Garfield,POINT(-87.6311455 41.7954942),,0.0
9142,Division,POINT(-87.6672111 41.903519),,0.0
9159,Garfield,POINT(-87.6312583 41.7954895),,0.0
9145,Roosevelt,POINT(-87.6273878 41.8673866),,0.0
9146,Cermak-Chinatown,POINT(-87.6311665 41.8536047),,0.0
9147,Cermak-Chinatown,POINT(-87.631054 41.8536255),,0.0
9148,63rd,POINT(-87.6309446 41.7807828),,0.0
9149,69th,POINT(-87.6257568 41.7683513),,0.0
9150,95th/Dan Ryan,POINT(-87.6243302 41.7223792),,0.0
41958,Belmont Ave,POINT(-87.67363311743127 41.93964357175034),0.0,1855.0
41959,Ravenswood-Wilson,POINT(-87.67440939123819 41.96497204536783),0.0,1855.0
41960,Ravenswood,POINT(-87.67447970320674 41.96795197948279),0.0,1970.0
41961,Summerdale,POINT(-87.6747654758615 41.97827542728197),0.0,1855.0
41962,Rose Hill,POINT(-87.67495508829364 41.98681846976504),0.0,1855.0
41963,Peterson/Ridge,POINT(-87.67506440710714 41.99151438138196),0.0,2024.0
41964,Kenmore,POINT(-87.67517922123461 41.99500652916092),0.0,1887.0
41965,Rogers Park,POINT(-87.6755756277774 42.00939919307487),0.0,1890.0
41966,Calvary,POINT(-87.67772058641309 42.0230781734212),0.0,1885.0
41967,Main Street,POINT(-87.68011872669523 42.03341935601685),0.0,1910.0
41968,Dempster,POINT(-87.6819532137075 42.04133120792147),0.0,1885.0
41969,Davis Street,POINT(-87.6846815624258 42.0478305025174),0.0,1910.0
41970,Central Street,POINT(-87.6982890469274 42.06410454034511),0.0,1911.0
41991,Wilmette,POINT(-87.70939185078598 42.07735971831673),0.0,1871.0
41992,Kenilworth,POINT(-87.71687239188604 42.08631735717307),0.0,1891.0
41993,Indian Hill,POINT(-87.7237222528242 42.09463180546061),0.0,1943.0
41994,Winnetka,POINT(-87.73267730963293 42.10525175506652),0.0,1940.0
41995,Hubbard Woods,POINT(-87.74349588884284 42.118169935649064),0.0,1943.0
41996,Glencoe,POINT(-87.75824214858578 42.135602912883144),0.0,1871.0
41997,Braeside,POINT(-87.77271467036496 42.152819974439836),0.0,1855.0
15203,Pulaski,POINT(-87.7241161 41.8539231),,0.0
15204,Kedzie,POINT(-87.7057384 41.8540914),,0.0
15205,California,POINT(-87.6947251 41.8542461),,0.0
15206,Central Park,POINT(-87.7151348 41.8539567),,0.0
15207,Damen,POINT(-87.6767973 41.8544556),,0.0
15196,Polk,POINT(-87.6696006 41.8713894),,0.0
15197,18th,POINT(-87.6692149 41.8579583),,0.0
15198,Damen,POINT(-87.6768018 41.8545357),,0.0
15199,Western,POINT(-87.6849056 41.8544243),,0.0
15200,California,POINT(-87.6947311 41.8543425),,0.0
15201,Kedzie,POINT(-87.7057414 41.8541965),,0.0
15202,Central Park,POINT(-87.7151395 41.85405),,0.0
15208,Pulaski,POINT(-87.7241117 41.8538164),,0.0
41998,Ravinia Park (seasonal),POINT(-87.7769230345817 42.15778424794658),0.0,1904.0
15209,Western,POINT(-87.6848997 41.8543275),,0.0
15210,Polk,POINT(-87.6695524 41.871388),,0.0
15211,18th,POINT(-87.6691763 41.8579569),,0.0
15212,LaSalle,POINT(-87.6316469 41.875672),,0.0
15213,Monroe,POINT(-87.6294424 41.8807251),,0.0
15228,Damen,POINT(-87.6776609 41.9098778),,0.0
15214,Jackson,POINT(-87.6293704 41.878173),,0.0
15215,Grand,POINT(-87.6476749 41.8911449),,0.0
15216,Chicago,POINT(-87.6553624 41.8961627),,0.0
15229,Damen,POINT(-87.6776338 41.9098989),,0.0
15217,Washington,POINT(-87.6294884 41.8832093),,0.0
41999,Ravinia,POINT(-87.7828569901662 42.16484662524553),0.0,1889.0
15218,Clinton,POINT(-87.641035 41.8756012),,0.0
15219,Grand,POINT(-87.6476246 41.8911925),,0.0
15220,Clark/Lake,POINT(-87.6312903 41.8856844),,0.0
15221,Clark/Lake,POINT(-87.6312876 41.8857373),,0.0
15222,Washington,POINT(-87.6294539 41.883209),,0.0
15223,Chicago,POINT(-87.6553098 41.8962072),,0.0
15224,Jackson,POINT(-87.6292891 41.8781723),,0.0
15225,Monroe,POINT(-87.62938 41.8807275),,0.0
15226,Clinton,POINT(-87.6410296 41.8755409),,0.0
15227,LaSalle,POINT(-87.6316453 41.8756111),,0.0
42000,Highland Park,POINT(-87.79761234079562 42.183267070202334),0.0,1963.0
42001,Highwood,POINT(-87.81073054108596 42.2033630484282),0.0,1962.0
42002,Fort Sheridan,POINT(-87.82118125454339 42.217469076030795),0.0,1855.0
42003,Lake Forest,POINT(-87.83978884630291 42.25245236229392),0.0,1900.0
42004,Lake Bluff,POINT(-87.84677952418724 42.27973364551826),0.0,1904.0
42024,Great Lakes,POINT(-87.846613223357 42.30699029435624),0.0,1919.0
42025,North Chicago,POINT(-87.83717033708366 42.328798869833065),0.0,1855.0
42026,North Chicago,POINT(-87.8410402057982 42.321911270151276),0.0,
42027,Abbott's Platform,POINT(-87.8310879417101 42.33960581467272),0.0,
42028,Waukegan,POINT(-87.8281524713355 42.36009890711776),0.0,1900.0
42029,Zion,POINT(-87.81810386024885 42.44912410752303),0.0,1855.0
42030,Winthrop Harbor,POINT(-87.81625759876938 42.48269934182724),0.0,1855.0
42031,Kenosha,POINT(-87.82604136485492 42.58594498084497),0.0,1855.0
42032,Camp Logan,POINT(-87.81690273551085 42.464413409845434),0.0,1855.0
42036,Oakton-Skokie,POINT(-87.74752997150578 42.02693177835852),0.0,2012.0
42033,Dempster-Skokie,POINT(-87.75216692768164 42.03941225011445),0.0,1925.0
42034,Main,POINT(-87.74978918931386 42.033951802714),0.0,1925.0
42035,Oakton Street,POINT(-87.74754251001544 42.026959720304035),0.0,1925.0
42037,Kostner,POINT(-87.73810364103709 42.02241540015814),0.0,1925.0
42038,Crawford-East Prarie,POINT(-87.72749958824937 42.022442667842455),0.0,1925.0
42039,Dodge,POINT(-87.69941634756056 42.02253589470433),0.0,1925.0
42040,Asbury,POINT(-87.69029221842275 42.02207607344042),0.0,1925.0
42041,Ridge,POINT(-87.68505160820496 42.021883017686406),0.0,1925.0
42042,Howard,POINT(-87.67289913445094 42.01911874439159),0.0,1908.0
37549,Laraway Road,POINT(-87.95999240352268 41.484757243360946),0.0,2006.0
37550,Orland Park 179th St,POINT(-87.90249399194887 41.56380302756702),0.0,1995.0
37551,Orland Park 153rd St,POINT(-87.87359507891807 41.60956497365254),0.0,1990.0
37552,Orland Park 143rd St,POINT(-87.85730830036209 41.63252125697173),0.0,2007.0
37553,Palos Park,POINT(-87.82028653721092 41.66909495670126),0.0,1984.0
37554,Palos Heights,POINT(-87.80720353079467 41.6819635255564),0.0,1984.0
37555,Worth,POINT(-87.79599555020738 41.69144014735676),0.0,1984.0
37556,Chicago Ridge,POINT(-87.77988285981473 41.70386802608655),0.0,1991.0
37557,Oak Lawn,POINT(-87.74868163590949 41.719543145430265),0.0,1984.0
37558,Ashburn,POINT(-87.71337765628097 41.74116781035846),0.0,2000.0
37559,Wrightwood,POINT(-87.70349625441555 41.74887343435006),0.0,1984.0
37560,Burr Oak,POINT(-87.66883964385174 41.662285452617795),0.0,1987.0
37561,Ashland/Calumet Park,POINT(-87.6607315504978 41.669320490102876),0.0,1987.0
37562,Racine Avenue,POINT(-87.65230329815799 41.67409038707791),0.0,1987.0
37563,West Pullman,POINT(-87.6425679531221 41.67418078822169),0.0,1987.0
37564,Stewart Ridge,POINT(-87.63157882534482 41.67430299841257),0.0,1987.0
37565,State Street,POINT(-87.62095126604362 41.67442584018073),0.0,1987.0
37566,93rd St South Chicago,POINT(-87.54780249098226 41.72719223184683),0.0,2001.0
37567,91st Street South Chicago,POINT(-87.54789957707709 41.73038369424921),0.0,1987.0
37568,87th St,POINT(-87.54829016018127 41.73818156729652),0.0,1987.0
37569,83rd St,POINT(-87.55157549212274 41.74539870742689),0.0,1987.0
37570,Cheltenham-79th St,POINT(-87.55293817609869 41.752388989824965),0.0,1926.0
37571,Windsor Park,POINT(-87.55956839559788 41.758541829410746),0.0,1926.0
37572,South Shore,POINT(-87.5656350862099 41.765144354136055),0.0,1926.0
37573,Bryn Mawr,POINT(-87.57730902012075 41.7661702628331),0.0,1926.0
37574,Stony Island,POINT(-87.58746483997469 41.7660518330006),0.0,1987.0
37575,University Park,POINT(-87.7233547574337 41.45934949808202),0.0,1977.0
37576,Richton Park,POINT(-87.7090820978207 41.485960612942876),0.0,1946.0
37577,Matteson,POINT(-87.70249315897514 41.498447708233044),0.0,1863.0
37578,211th St Lincoln Highway,POINT(-87.69823567663977 41.506387380220076),0.0,1987.0
37579,Olympia Fields,POINT(-87.69007952966216 41.52157300469665),0.0,1856.0
37580,Flossmoor,POINT(-87.67850190064856 41.54330898071737),0.0,1856.0
37581,Homewood,POINT(-87.66791839787874 41.563133151170746),0.0,1923.0
37582,Calumet,POINT(-87.66249747405637 41.573317855667625),0.0,1856.0
37583,Hazel Crest,POINT(-87.65858166100783 41.58074361346266),0.0,1856.0
37584,Harvey,POINT(-87.64308213243297 41.6097208412466),0.0,1856.0
37585,147th St Sibley Boulvard,POINT(-87.6358083706634 41.623254302950556),0.0,1987.0
37586,Ivanhoe,POINT(-87.6305330798314 41.63312277677872),0.0,1987.0
37587,137th St Riverdale,POINT(-87.62427406844053 41.644810931425695),0.0,1987.0
37588,Kensington/115th St,POINT(-87.61209208463187 41.6862212392233),0.0,1916.0
37589,111th St (Pullman),POINT(-87.6105203757286 41.69278042241959),0.0,1916.0
37590,107th St,POINT(-87.60897015414517 41.69977381400068),0.0,1987.0
37591,103rd St (Rosemoor),POINT(-87.60730084421003 41.70710132078412),0.0,1987.0
37592,95th St (Chicago State University),POINT(-87.60402346590591 41.721504041081374),0.0,1987.0
37593,91st St (Chesterfield),POINT(-87.60205575169758 41.72974015066947),0.0,1987.0
37594,87th St (Woodruff),POINT(-87.60039866593912 41.73724142346131),0.0,1987.0
37595,83rd St (Avalon Park),POINT(-87.59871688872715 41.74444739537128),0.0,1926.0
37596,79th St (Chatham),POINT(-87.59730018736703 41.75085757446905),0.0,1987.0
37597,75th St (Grand Crossing),POINT(-87.59541836607016 41.758942121061494),0.0,1969.0
37598,63rd St,POINT(-87.59076519979834 41.779711736338356),0.0,1903.0
37599,59th St/University of Chicago,POINT(-87.58899519977551 41.78737203507106),0.0,1987.0
37600,55th-56th-57th St,POINT(-87.5876775517302 41.79295688542601),0.0,1920.0
37602,47th St (Kenwood),POINT(-87.59139360119497 41.80971457154084),0.0,1987.0
37603,27th St,POINT(-87.6133635562946 41.84413869545682),0.0,1987.0
37604,McCormick Place,POINT(-87.61662961332122 41.85322378815519),0.0,1926.0
37605,18th St,POINT(-87.61784540349956 41.85746754024237),0.0,1907.0
37606,Museum Campus/11th St,POINT(-87.62162548589936 41.86904939273418),0.0,1987.0
37607,Van Buren St,POINT(-87.62302248723525 41.87712432333737),0.0,1896.0
37608,Millenium Station,POINT(-87.62298631174832 41.88442193462663),0.0,1856.0
37614,Hegewisch,POINT(-87.54377726645923 41.64634100649633),0.0,1992.0
37616,Hammond Gateway,POINT(-87.5219469058494 41.63162492916655),0.0,2025.0
37615,Hammond,POINT(-87.51600056945983 41.631016938963114),0.0,1998.0
37617,East Chicago,POINT(-87.47899149412041 41.61163588824422),0.0,1956.0
37618,Gary/Chicago Airport,POINT(-87.39460659186709 41.605448496895406),0.0,2000.0
37619,Ambridge,POINT(-87.37215457315119 41.605594174807436),0.0,1920.0
37620,Adam Benjamin Metro Center,POINT(-87.33756571404999 41.60472294672323),0.0,1984.0
37621,Miller,POINT(-87.2682631562899 41.59793924823907),0.0,1988.0
37622,Portage/Ogden Dunes,POINT(-87.1869342847367 41.61728538518963),0.0,1999.0
37623,Dune Acres,POINT(-87.08697626242244 41.636565844494186),0.0,1910.0
37624,Dune Park,POINT(-87.0608528084457 41.644926228484024),0.0,1986.0
37625,Tremont,POINT(-87.04836981295499 41.649383662965164),0.0,1908.0
37627,Keiser,POINT(-87.0096704071391 41.66333610191879),0.0,1908.0
37626,Kemil Road,POINT(-87.0096737465669 41.66333511789747),0.0,1977.0
37116,Chicago Union Station,POINT(-87.6393221242846 41.878676967847696),0.0,1925.0
37649,Eola,POINT(-88.24214699896093 41.77508184580054),0.0,1864.0
37650,Route 59,POINT(-88.20877225233505 41.778069722239195),0.0,1989.0
37651,Naperville,POINT(-88.14554202883737 41.77978462424471),0.0,1910.0
37652,Lisle,POINT(-88.07298491838652 41.79776227009566),0.0,1864.0
37653,Belmont,POINT(-88.03892372923931 41.795466516781715),0.0,1989.0
37654,Downers Grove Main Street,POINT(-88.00977953161872 41.795530652155435),0.0,1911.0
37655,Fairview Avenue,POINT(-87.99392997156068 41.7955777133393),0.0,1911.0
37656,Westmont,POINT(-87.97642926133621 41.79560254496229),0.0,1864.0
37657,Clarendon Hills,POINT(-87.9533002569025 41.79732977732908),0.0,1864.0
37658,West Hinsdale,POINT(-87.94504013775946 41.79918665313957),0.0,1875.0
37659,Hinsdale,POINT(-87.92833966030516 41.80296434401811),0.0,1899.0
37660,Highlands,POINT(-87.91816695864034 41.80526030120487),0.0,1880.0
37661,Western Springs,POINT(-87.90121446887152 41.809076739604734),0.0,1915.0
37662,Stone Avenue,POINT(-87.87838564904763 41.81424040886682),0.0,1901.0
37663,La Grange,POINT(-87.8705237049005 41.81599016840815),0.0,1916.0
37664,Congress Park,POINT(-87.85761208272497 41.8189150945729),0.0,1864.0
37665,Brookfield,POINT(-87.84324000767377 41.822143687419555),0.0,1889.0
37666,Hollywood,POINT(-87.83317499852035 41.82439350854767),0.0,1893.0
37667,Riverside,POINT(-87.82014927881961 41.827325920904684),0.0,1900.0
37668,Harlem Avenue,POINT(-87.80181536081555 41.83145895110735),0.0,1890.0
37669,Berwyn,POINT(-87.79354740505795 41.833315749227694),0.0,1890.0
37670,LaVergne,POINT(-87.78401848561974 41.83544978837622),0.0,1864.0
37671,Clyde,POINT(-87.77303546379402 41.83824836102551),0.0,1978.0
37672,Morton Park,POINT(-87.75350082777751 41.84343938421409),0.0,1864.0
37673,Cicero,POINT(-87.74512955363272 41.84427464924397),0.0,1978.0
37674,Western Avenue,POINT(-87.68547815991433 41.85771019600503),0.0,1905.0
37675,Halstead Street,POINT(-87.64732957971356 41.86041487634489),0.0,1864.0
37676,Elburn,POINT(-88.46487686843304 41.89079952668334),0.0,2006.0
37677,La Fox,POINT(-88.41272581044323 41.88680299852339),0.0,2006.0
37678,Geneva,POINT(-88.30997163725071 41.88156241703672),0.0,1882.0
37679,West Chicago,POINT(-88.19895417237765 41.881068163036595),0.0,1912.0
37680,Winfield,POINT(-88.15701408040395 41.869934809016655),0.0,1980.0
37681,Wheaton,POINT(-88.11211643070413 41.864388409178986),0.0,1912.0
37682,College Avenue,POINT(-88.08947013088229 41.86874389062851),0.0,1971.0
37683,Glen Ellyn,POINT(-88.06463776320432 41.876447946876766),0.0,1936.0
37684,Lombard,POINT(-88.01945690563913 41.88622790573859),0.0,1979.0
37685,Villa Park,POINT(-87.97745694433392 41.89639379183498),0.0,1908.0
37686,Elmhurst,POINT(-87.94085976154585 41.89968004074635),0.0,1894.0
37687,Berkeley,POINT(-87.91551220346749 41.89616883218204),0.0,2013.0
37688,Bellwood,POINT(-87.88126354617238 41.89142567943762),0.0,1872.0
37689,Melrose Park,POINT(-87.85564795924542 41.890225767333504),0.0,1956.0
37690,Maywood,POINT(-87.83846433484352 41.888354022074566),0.0,2017.0
37691,River Forest,POINT(-87.82485825565708 41.88682295528207),0.0,1915.0
37692,Lathrop,POINT(-87.8150174111343 41.88686889813786),,
37693,Oak Park,POINT(-87.7997389217605 41.88705166841663),0.0,1849.0
37694,Avenue,POINT(-87.79402052347996 41.88713546815663),,
37695,Ridgeland,POINT(-87.78462502530904 41.887275211090326),0.0,
37697,Austin,POINT(-87.76553812697006 41.88752190811002),,
37696,Austin Blvd,POINT(-87.77486126039423 41.88739457508339),,
37698,Keeler (employee only stop),POINT(-87.73064251373721 41.88790879234875),0.0,1850.0
37699,Kedzie,POINT(-87.70680271251373 41.88824166167649),0.0,1947.0
37700,Ogilvie Transportation Center,POINT(-87.64063205572717 41.88277066858694),0.0,1911.0
37117,Halstead Street,POINT(-87.64617613798634 41.84804487284964),0.0,1902.0
37118,23rd St,POINT(-87.63935801792913 41.85141494528824),0.0,
37119,Brighton Park,POINT(-87.6944247838233 41.82650261059814),0.0,1929.0
37120,Glenn,POINT(-87.77635336675668 41.8061468575294),0.0,1940.0
37122,Brighton Park,POINT(-87.68868500993834 41.826603537893305),0.0,1858.0
37121,Summit,POINT(-87.80976706357295 41.794995649562225),0.0,1858.0
37123,Mount Forest,POINT(-87.86906315394408 41.740020093425386),0.0,1858.0
37124,Willow Springs,POINT(-87.87847718371073 41.73339207199703),0.0,1858.0
37125,Lambert,POINT(-87.93888239617971 41.698529216001276),0.0,1904.0
37126,Sag Bridge,POINT(-87.94022018515213 41.69738033354406),0.0,1858.0
37127,Lemont,POINT(-88.00248076069303 41.673825715065135),0.0,1859.0
37128,Romeoville,POINT(-88.0492960597164 41.63771290280829),0.0,2018.0
37129,5th St,POINT(-88.05629709697088 41.59372449428983),0.0,1858.0
37130,Lockport,POINT(-88.06033361882376 41.585154118882855),0.0,1863.0
37131,State Prison,POINT(-88.07635431206671 41.547038666991085),0.0,1907.0
37133,Joliet Union Station,POINT(-88.07919001863125 41.52448269795272),0.0,1912.0
37132,Joliet Transportation Center,POINT(-88.07922183511458 41.52423159246431),0.0,2018.0
37154,New Lenox,POINT(-87.96530513954339 41.514559894538934),0.0,1900.0
37155,Mokena,POINT(-87.88667374950782 41.53104273569713),0.0,1905.0
37156,Hickory Creek,POINT(-87.84574847054344 41.54879748650612),0.0,1993.0
37157,Tinley Park - 80th St,POINT(-87.80976976046142 41.56435026251583),0.0,1970.0
37158,Tinley Park,POINT(-87.78294028270162 41.575947993808626),0.0,1890.0
37159,Oak Forest,POINT(-87.73832974638044 41.604605118077984),0.0,1911.0
37160,Midlothian,POINT(-87.71189861701833 41.62650041745263),0.0,1905.0
37161,Robbins,POINT(-87.69443917376613 41.64092216286625),0.0,1967.0
37162,Blue Island - Vermont Street,POINT(-87.67727252254438 41.65499005117698),0.0,1868.0
37163,Blue Island - Vermont Street,POINT(-87.67772525236018 41.655048038902095),0.0,1868.0
37164,Blue Island - Vermont Street,POINT(-87.67611052205817 41.65587032686946),0.0,1868.0
38064,Big Timber Road,POINT(-88.32888284257984 42.05874454983996),0.0,1986.0
38065,Elgin,POINT(-88.28621464980763 42.036150286314665),0.0,1947.0
38067,Spaulding,POINT(-88.23375999144734 42.003367272068004),0.0,1971.0
38066,National Street,POINT(-88.27863477932104 42.026443019103596),0.0,1879.0
38068,Bartlett,POINT(-88.18380138527584 41.9922229991615),0.0,1873.0
38069,Hanover Park,POINT(-88.14910130225857 41.98815685165664),0.0,1879.0
38070,Schaumburg,POINT(-88.11788657208466 41.98926972162624),0.0,1989.0
38071,Roselle,POINT(-88.06719922828745 41.98152690480987),0.0,1971.0
38072,Roselle,POINT(-88.07678601230755 41.983453978335945),0.0,1873.0
38073,Medinah,POINT(-88.05095812059066 41.978242063631086),0.0,1959.0
38074,Itasca,POINT(-88.01409940675097 41.971617240452076),0.0,1890.0
38075,Wood Dale,POINT(-87.97505731769664 41.96245473924728),0.0,1930.0
38076,Bensenville,POINT(-87.9418184906853 41.9570076281814),0.0,1989.0
38077,Mannheim,POINT(-87.88336045741279 41.94149142458181),0.0,1873.0
38078,Franklin Park,POINT(-87.86658416477044 41.93651218930049),0.0,1950.0
38079,River Grove,POINT(-87.83674095809968 41.93106467739932),0.0,1946.0
38080,Elmwood Park,POINT(-87.81477972954075 41.92491103349673),0.0,1916.0
38081,Mont Clare,POINT(-87.80144858326501 41.92180903004473),0.0,1956.0
38082,Mars,POINT(-87.79423460041659 41.91918213952778),0.0,1956.0
38083,Galewood,POINT(-87.7858675858447 41.9164638624035),0.0,1910.0
38084,Hanson Park,POINT(-87.7666779050563 41.91669234089315),0.0,1879.0
38085,Grand/Cicero,POINT(-87.74602868731009 41.91444574802259),0.0,2006.0
38086,Cragin,POINT(-87.75301609117356 41.91530490372995),0.0,1879.0
38087,Hermosa,POINT(-87.73140507826974 41.91354927084848),0.0,1879.0
38088,Western Avenue,POINT(-87.68838261906723 41.88906950359751),0.0,1900.0
38130,Belmont Avenue - Franklin Park,POINT(-87.8603340118074 41.93863926202886),0.0,2006.0
38131,Schiller Park,POINT(-87.8702875615852 41.96234680346683),0.0,2006.0
38132,Rosemont,POINT(-87.87380641418596 41.97575249334437),0.0,2006.0
38133,O'Hare Transfer,POINT(-87.88040001093286 41.9950895107022),0.0,1996.0
38134,Prospect Heights,POINT(-87.90803590802234 42.09263944684798),0.0,1996.0
38135,Wheeling,POINT(-87.92717325674394 42.136534663551856),0.0,1996.0
38136,Buffalo Grove,POINT(-87.94123488467253 42.16860911350196),0.0,1996.0
38137,Prairie View,POINT(-87.95556600508823 42.197827550484476),0.0,1996.0
38138,Vernon Hills,POINT(-87.96474104369103 42.215500898674094),0.0,1996.0
38139,Mundelein,POINT(-87.99782501929461 42.2668958834665),0.0,1996.0
38140,Prairie Crossing,POINT(-88.01775510006863 42.31839063279483),0.0,1996.0
38141,Washington Street,POINT(-88.05018185833752 42.3593271615008),0.0,2006.0
38142,Round Lake Beach,POINT(-88.06532746781612 42.38514472140096),0.0,1996.0
38143,Lake Villa,POINT(-88.0792927164953 42.4175351434547),0.0,1996.0
38144,Antioch,POINT(-88.09221234566894 42.481046196826355),0.0,1996.0
38145,McHenry,POINT(-88.27616339895539 42.343428993553886),0.0,1910.0
38208,Healy,POINT(-87.72789248920076 41.924795936968565),0.0,1902.0
38209,Grayland,POINT(-87.73926494058706 41.94676883060839),0.0,1873.0
38210,Mayfair,POINT(-87.74606020729011 41.95990063036254),0.0,1896.0
38211,Forest Glen,POINT(-87.75552859414937 41.978176470406964),0.0,1902.0
38212,Edgebrook,POINT(-87.7658394530064 41.99802463928222),0.0,1902.0
38213,Morton Grove,POINT(-87.78529776625652 42.03549307204713),0.0,1892.0
38214,Golf,POINT(-87.79718795339694 42.058316423772595),0.0,1903.0
38215,Glenview,POINT(-87.80585236186015 42.07501045502954),0.0,1902.0
38216,North Glenview,POINT(-87.81578954401728 42.09760023488886),0.0,2001.0
38217,Techny,POINT(-87.8236430772314 42.116785408484844),0.0,1902.0
38218,Northbrook,POINT(-87.82780580487596 42.126903992507835),0.0,1967.0
38219,Lake Cook Rd,POINT(-87.84108353258132 42.15187509857543),0.0,1996.0
38220,Deerfield,POINT(-87.8498045035938 42.16807620060965),0.0,1903.0
38221,Lake Forest,POINT(-87.87458884432162 42.22369401420531),0.0,1902.0
38222,Rondout,POINT(-87.89656018115276 42.278701253718424),0.0,1902.0
38223,Libertyville,POINT(-87.95645419834787 42.291130486308134),0.0,1881.0
38224,Prairie Crossing,POINT(-88.01528155160368 42.32099489077379),0.0,2004.0
38225,Grayslake,POINT(-88.04276488097531 42.33338176235813),0.0,1895.0
38226,Round Lake,POINT(-88.09398271132625 42.354627545322245),0.0,1974.0
38227,Long Lake,POINT(-88.1276525235967 42.367771629890996),0.0,1992.0
38228,Wilson Road,POINT(-88.14034863406168 42.374262176288795),0.0,1902.0
38229,Ingleside,POINT(-88.15356020409205 42.383811172336635),0.0,1997.0
38231,Spring Grove,POINT(-88.23832455532181 42.43945988287305),0.0,1902.0
38232,Solon Mills,POINT(-88.2772033660662 42.444940183559225),0.0,1902.0
38233,Zenda,POINT(-88.48456432897446 42.51068445401026),0.0,1902.0
38234,Walworth,POINT(-88.59920339005875 42.53636541560027),0.0,1902.0
38230,Fox Lake,POINT(-88.18237370742308 42.398301050715986),0.0,1902.0
41529,Park Ridge,POINT(-87.83165735476166 42.01011707087443),0.0,1960.0
41530,Dee Road,POINT(-87.85636577650223 42.0240621428803),0.0,1967.0
41531,Des Plaines,POINT(-87.88663277399922 42.04085550626979),0.0,1848.0
41532,Cumberland,POINT(-87.9122987901892 42.05231980840006),0.0,1967.0
41533,Mount Prospect,POINT(-87.93617875531254 42.06298693622679),0.0,1930.0
41534,Arlington Heights,POINT(-87.98360236925531 42.084103972385975),0.0,2000.0
41535,Arlington Park,POINT(-88.00803889208554 42.094992351143475),0.0,1975.0
41536,Palatine,POINT(-88.04821345339204 42.112852122381696),0.0,2001.0
41537,Palatine,POINT(-88.0496463837114 42.11351149705126),0.0,1971.0
41538,Palatine,POINT(-88.04454392455497 42.11123160095238),,
41539,Barrington,POINT(-88.13209833415567 42.15283420168757),0.0,1977.0
41540,Fox River Grove,POINT(-88.21947948270203 42.19783368386524),0.0,1959.0
41541,Cary,POINT(-88.2412805852755 42.209058230537636),0.0,1952.0
41542,Pingree Road,POINT(-88.29805378794696 42.234129877629584),0.0,2005.0
41543,Crystal Lake,POINT(-88.31698319503394 42.244156271201376),0.0,1915.0
41544,Woodstock,POINT(-88.44749503792391 42.317108199804096),0.0,1915.0
41545,Harvard,POINT(-88.61724242511106 42.419538109751755),0.0,1993.0
